{
  "SCA01": {
    "F062": 0.0025930329025049444,
    "F087": 0.0025530641520803052,
    "F106": 0.0026240458458284543,
    "F129": 0.002595504216688734,
    "F146": 0.8819063118027408,
    "F158": 0.04034370449279776,
    "F184": 0.12839406567193454,
    "F213": 3.6383726171418296
  },
  "SCA02": {
    "F062": 0.0026690124775371115,
    "F087": 0.0027277967626557617,
    "F106": 0.002713654559160315,
    "F129": 0.0026418315629509127,
    "F146": 0.9141975217116324,
    "F158": 0.04212267634512353,
    "F184": 0.13547465542215392,
    "F213": 3.7827924125648607
  },
  "SCA03": {
    "F062": 0.0026553773113436423,
    "F087": 0.0026904154357533377,
    "F106": 0.0026764282722539674,
    "F129": 0.0026315760015544,
    "F146": 0.904678701295171,
    "F158": 0.04173442057304574,
    "F184": 0.1352127274481724,
    "F213": 3.772575744929346
  },
  "SCA04": {
    "F062": 0.0025125753067610423,
    "F087": 0.0026587688762497222,
    "F106": 0.0026601541124403223,
    "F129": 0.0026179035799369027,
    "F146": 0.9009816716264816,
    "F158": 0.04151073945858741,
    "F184": 0.13449382660060114,
    "F213": 3.780392354349015
  },
  "SCA05": {
    "F062": 0.0026614840853660103,
    "F087": 0.0027752883597886653,
    "F106": 0.0027354077176806463,
    "F129": 0.002694771725437643,
    "F146": 0.9246451096414776,
    "F158": 0.04259207042628373,
    "F184": 0.1356599527512499,
    "F213": 3.7977769842639644
  },
  "SCA06": {
    "F062": 0.002696692008148306,
    "F087": 0.002737304827816113,
    "F106": 0.0027841472682523234,
    "F129": 0.0027383617047471187,
    "F146": 0.9457288119813785,
    "F158": 0.04376459827984364,
    "F184": 0.14125247598386576,
    "F213": 4.0166237271231005
  },
  "SCA07": {
    "F062": 0.0026589077383092755,
    "F087": 0.0026824660419982327,
    "F106": 0.0027038722494478373,
    "F129": 0.002668144040235155,
    "F146": 0.9113868705164918,
    "F158": 0.04192808890393588,
    "F184": 0.1330426247663351,
    "F213": 3.7343438631143133
  },
  "SCA08": {
    "F062": 0.0027599699811730544,
    "F087": 0.002780198884184546,
    "F106": 0.0027006584415736833,
    "F129": 0.002653071315048795,
    "F146": 0.910528277004327,
    "F158": 0.041886312650812885,
    "F184": 0.13101196265934886,
    "F213": 3.6751406495718757
  },
  "SCA09": {
    "F062": 0.0026964905429013317,
    "F087": 0.0028205456646050813,
    "F106": 0.0027682686329721256,
    "F129": 0.002732318604349955,
    "F146": 0.9369513656198485,
    "F158": 0.04325950318834091,
    "F184": 0.13600968073612257,
    "F213": 3.8190976078056846
  },
  "SCA10": {
    "F062": 0.0026615955663291187,
    "F087": 0.0027143810834938794,
    "F106": 0.0026861565165985676,
    "F129": 0.0026285144597798095,
    "F146": 0.9051555055887741,
    "F158": 0.04169947534601418,
    "F184": 0.1297989150606017,
    "F213": 3.6118920931262712
  },
  "SCA11": {
    "F062": 0.0026886776487125273,
    "F087": 0.0027760106081625886,
    "F106": 0.002688960705766409,
    "F129": 0.0026497863238264248,
    "F146": 0.9125570602614133,
    "F158": 0.04222737025986206,
    "F184": 0.13559278573799885,
    "F213": 3.786446362098318
  },
  "SCA12": {
    "F062": 0.0025648051725918786,
    "F087": 0.0026668132313312173,
    "F106": 0.0028420690779439733,
    "F129": 0.0028054140293019493,
    "F146": 0.9619106498336348,
    "F158": 0.044349045551144196,
    "F184": 0.14415672565440998,
    "F213": 4.109435493434429
  },
  "SCA13": {
    "F062": 0.0026541220980679722,
    "F087": 0.002731205709222827,
    "F106": 0.002619238017898176,
    "F129": 0.0025676533221808983,
    "F146": 0.8873700797069917,
    "F158": 0.041024276479411814,
    "F184": 0.13269294599354775,
    "F213": 3.701809848482483
  },
  "SCA14": {
    "F062": 0.0026638126667173838,
    "F087": 0.002749777701298342,
    "F106": 0.002735925881215129,
    "F129": 0.002671237609735033,
    "F146": 0.9252189101088705,
    "F158": 0.04268829794729574,
    "F184": 0.13713016877439257,
    "F213": 3.8402631651851804
  },
  "SCA15": {
    "F062": 0.0028168327999968904,
    "F087": 0.002774213908963626,
    "F106": 0.0026342801018075365,
    "F129": 0.0025911222653202176,
    "F146": 0.893940146921402,
    "F158": 0.041359234782617306,
    "F184": 0.13397124075938632,
    "F213": 3.7306414630357194
  },
  "SCA16": {
    "F062": 0.0028024233507333743,
    "F087": 0.0027572347617589384,
    "F106": 0.0026329455935695445,
    "F129": 0.0025773206151698817,
    "F146": 0.8910066040541161,
    "F158": 0.04114912199663716,
    "F184": 0.13245876804396137,
    "F213": 3.726831569702943
  },
  "SCA17": {
    "F062": 0.0029655029820302124,
    "F087": 0.002896037359071115,
    "F106": 0.002844633551740829,
    "F129": 0.0027891014651164987,
    "F146": 0.9577195269795958,
    "F158": 0.04394169435576257,
    "F184": 0.13841588666907023,
    "F213": 3.9114986642377927
  },
  "SCA18": {
    "F062": 0.0028477374986065384,
    "F087": 0.0028143321807532827,
    "F106": 0.0029517460728216973,
    "F129": 0.0029689682106608948,
    "F146": 0.9974809988331682,
    "F158": 0.04565886293965892,
    "F184": 0.14380416076961955,
    "F213": 4.081846395612543
  }
}