{
  "SCA01": {
    "F062": 26.57551933086481,
    "F087": 26.22624275057486,
    "F106": 26.315214476595152,
    "F129": 26.319402188403885,
    "F146": 27.538551048094657,
    "F158": 26.32251053616207,
    "F184": 25.85460209959829,
    "F213": 25.814939003626883
  },
  "SCA02": {
    "F062": 26.606875772410554,
    "F087": 26.298118455467243,
    "F106": 26.35167233614996,
    "F129": 26.33861065284702,
    "F146": 27.57759502002258,
    "F158": 26.369360993802363,
    "F184": 25.912884859107987,
    "F213": 25.857202340635656
  },
  "SCA03": {
    "F062": 26.601314862505767,
    "F087": 26.28313679639355,
    "F106": 26.336674952482202,
    "F129": 26.33438763453907,
    "F146": 27.56623083572626,
    "F158": 26.359307071686374,
    "F184": 25.910783654610498,
    "F213": 25.854265987972553
  },
  "SCA04": {
    "F062": 26.541296980333765,
    "F087": 26.270289897020866,
    "F106": 26.33005292437057,
    "F129": 26.32873195896433,
    "F146": 27.561784811844223,
    "F158": 26.353472275556502,
    "F184": 25.904995597074173,
    "F213": 25.85651325785737
  },
  "SCA05": {
    "F062": 26.60380894616575,
    "F087": 26.316858716767992,
    "F106": 26.360341100073278,
    "F129": 26.3601527962718,
    "F146": 27.58993261360846,
    "F158": 26.38139298075285,
    "F184": 25.91436887512144,
    "F213": 25.861494712974714
  },
  "SCA06": {
    "F062": 26.618077632363374,
    "F087": 26.30189633985841,
    "F106": 26.379516439495276,
    "F129": 26.37757487316616,
    "F146": 27.614411471399542,
    "F158": 26.410878466952678,
    "F184": 25.958229894476684,
    "F213": 25.922323940990537
  },
  "SCA07": {
    "F062": 26.602757432071726,
    "F087": 26.279924013480183,
    "F106": 26.347751351634546,
    "F129": 26.349371019822474,
    "F146": 27.574251840506328,
    "F158": 26.364333769916072,
    "F184": 25.893216732419475,
    "F213": 25.843206832067974
  },
  "SCA08": {
    "F062": 26.643260158364455,
    "F087": 26.318778093152208,
    "F106": 26.346460083927916,
    "F129": 26.343220151603155,
    "F146": 27.573228514989108,
    "F158": 26.3632514262278,
    "F184": 25.87651710333054,
    "F213": 25.825855978509836
  },
  "SCA09": {
    "F062": 26.61799651583869,
    "F087": 26.334421269755374,
    "F106": 26.373306509795956,
    "F129": 26.375176189570297,
    "F146": 27.604287542266096,
    "F158": 26.398274919736856,
    "F184": 25.9171642743707,
    "F213": 25.86757296280411
  },
  "SCA10": {
    "F062": 26.603854423192487,
    "F087": 26.29276548153131,
    "F106": 26.340614216511106,
    "F129": 26.33312376763493,
    "F146": 27.566802914311314,
    "F158": 26.35839757800904,
    "F184": 25.866417377393766,
    "F213": 25.807007985205615
  },
  "SCA11": {
    "F062": 26.614846104288084,
    "F087": 26.31714123486595,
    "F106": 26.341747069937288,
    "F129": 26.3418749771325,
    "F146": 27.575644994676672,
    "F158": 26.3720561916498,
    "F184": 25.913831179834396,
    "F213": 25.858250590195514
  },
  "SCA12": {
    "F062": 26.56363521434709,
    "F087": 26.273569934403504,
    "F106": 26.401872503981938,
    "F129": 26.403840252657673,
    "F146": 27.632831753622774,
    "F158": 26.42528179521511,
    "F184": 25.98032699463131,
    "F213": 25.947126486558105
  },
  "SCA13": {
    "F062": 26.600801506944954,
    "F087": 26.299474460418008,
    "F106": 26.313223344911716,
    "F129": 26.30768880659655,
    "F146": 27.545256873724053,
    "F158": 26.34067342699484,
    "F184": 25.890359312001884,
    "F213": 25.833706333738718
  },
  "SCA14": {
    "F062": 26.60475846141636,
    "F087": 26.306832395975704,
    "F106": 26.36054674972007,
    "F129": 26.35062914332925,
    "F146": 27.590606172264756,
    "F158": 26.383843198775836,
    "F184": 25.92607224775241,
    "F213": 25.87357353416133
  },
  "SCA15": {
    "F062": 26.665401935000332,
    "F087": 26.31643829341503,
    "F106": 26.319440808848633,
    "F129": 26.317567606948383,
    "F146": 27.55326602573245,
    "F158": 26.349502338395325,
    "F184": 25.90076867034496,
    "F213": 25.842129849337585
  },
  "SCA16": {
    "F062": 26.659833619683113,
    "F087": 26.30977279443166,
    "F106": 26.318890642964604,
    "F129": 26.311768960347138,
    "F146": 27.549697228439026,
    "F158": 26.343972533636677,
    "F184": 25.888441500191743,
    "F213": 25.84102048173562
  },
  "SCA17": {
    "F062": 26.721245174863434,
    "F087": 26.36309883137272,
    "F106": 26.40285175062713,
    "F129": 26.397508625999095,
    "F146": 27.62809077683823,
    "F158": 26.415263098360207,
    "F184": 25.936204569162197,
    "F213": 25.89352903314704
  },
  "SCA18": {
    "F062": 26.67724914717597,
    "F087": 26.33202682313382,
    "F106": 26.442983415560754,
    "F129": 26.46536171032169,
    "F146": 27.67225649968639,
    "F158": 26.456883830705323,
    "F184": 25.977668351258107,
    "F213": 25.939812711733225
  }
}