{
    "SCA01": {
        "F062": 0.2160860752087451,
        "F087": 0.21360636739071875,
        "F106": 0.24228689976482698,
        "F129": 0.2309998752852974,
        "F146": 0.6687076014737271,
        "F158": 0.20508049783838822,
        "F184": 0.11679718232092089,
        "F213": 0.09802008420610386
    },
    "SCA02": {
        "F062": 0.2224177064614259,
        "F087": 0.228225662475532,
        "F106": 0.25056077096246876,
        "F129": 0.2351230091026312,
        "F146": 0.6931924897638672,
        "F158": 0.21412360475437753,
        "F184": 0.12323823493241078,
        "F213": 0.10191084581795723
    },
    "SCA03": {
        "F062": 0.22128144261197008,
        "F087": 0.22509809145802914,
        "F106": 0.24712354380478255,
        "F129": 0.23421026413834153,
        "F146": 0.6859748210791522,
        "F158": 0.2121499712463154,
        "F184": 0.1229999649689824,
        "F213": 0.10163560226065341
    },
    "SCA04": {
        "F062": 0.20938127556341993,
        "F087": 0.2224503293128933,
        "F106": 0.24562089638198945,
        "F129": 0.23299341861438447,
        "F146": 0.6831715393594955,
        "F158": 0.2110129255811522,
        "F184": 0.12234599710119182,
        "F213": 0.10184618671533856
    },
    "SCA05": {
        "F062": 0.2217903404471673,
        "F087": 0.23219912610231827,
        "F106": 0.2525693125991794,
        "F129": 0.23983468356395035,
        "F146": 0.7011143986698953,
        "F158": 0.21650969133360856,
        "F184": 0.12340679572855615,
        "F213": 0.10231453975870933
    },
    "SCA06": {
        "F062": 0.2247243340123587,
        "F087": 0.22902117059394794,
        "F106": 0.2570695977686308,
        "F129": 0.2437141917224937,
        "F146": 0.7171011671431599,
        "F158": 0.22247004125587144,
        "F184": 0.12849418783048414,
        "F213": 0.10821041091336185
    },
    "SCA07": {
        "F062": 0.22157564485910602,
        "F087": 0.22443299218051863,
        "F106": 0.24965753769901683,
        "F129": 0.23746481958092885,
        "F146": 0.6910613066731829,
        "F158": 0.2131344519283403,
        "F184": 0.12102587156163364,
        "F213": 0.10060561092408403
    },
    "SCA08": {
        "F062": 0.22999749843108772,
        "F087": 0.23260997331010697,
        "F106": 0.24936079610530326,
        "F129": 0.23612334703934282,
        "F146": 0.690410276058619,
        "F158": 0.21292208930829842,
        "F184": 0.11917862409656876,
        "F213": 0.09901063850444757
    },
    "SCA09": {
        "F062": 0.22470754524177755,
        "F087": 0.2359856539386249,
        "F106": 0.25560347044442605,
        "F129": 0.24317635578714603,
        "F146": 0.7104456471350483,
        "F158": 0.21990247454073247,
        "F184": 0.12372493537931131,
        "F213": 0.10288893098654563
    },
    "SCA10": {
        "F062": 0.22179963052742635,
        "F087": 0.22710321731898786,
        "F106": 0.24802178503260092,
        "F129": 0.2339377869204031,
        "F146": 0.6863363590920687,
        "F158": 0.21197233300890503,
        "F184": 0.11807514208738586,
        "F213": 0.09730668196093585
    },
    "SCA11": {
        "F062": 0.22405647072604368,
        "F087": 0.2322595542162698,
        "F106": 0.24828070516576492,
        "F129": 0.23583098282055187,
        "F146": 0.6919486058875359,
        "F158": 0.21465579882096508,
        "F184": 0.12334569541327614,
        "F213": 0.10200928555424672
    },
    "SCA12": {
        "F062": 0.21373376438265648,
        "F087": 0.22312337368804494,
        "F106": 0.26241771153015975,
        "F129": 0.24968184860787365,
        "F146": 0.7293710849709387,
        "F158": 0.22544098155164918,
        "F184": 0.1311361181759469,
        "F213": 0.11071081922951179
    },
    "SCA13": {
        "F062": 0.22117684150566433,
        "F087": 0.22851087767164316,
        "F106": 0.24184297698593116,
        "F129": 0.22852114567410006,
        "F146": 0.6728505167486979,
        "F158": 0.2085400721036763,
        "F184": 0.12070777667800128,
        "F213": 0.09972912377190228
    },
    "SCA14": {
        "F062": 0.22198438889311511,
        "F087": 0.2300647343419611,
        "F106": 0.2526171563655298,
        "F129": 0.23774014726641804,
        "F146": 0.7015494842670156,
        "F158": 0.21699884789875287,
        "F184": 0.12474421804638268,
        "F213": 0.10345914463284255
    },
    "SCA15": {
        "F062": 0.23473606666640745,
        "F087": 0.23210923038328996,
        "F106": 0.24323186273356223,
        "F129": 0.2306098816134993,
        "F146": 0.6778322861607895,
        "F158": 0.21024277681163756,
        "F184": 0.12187061256176411,
        "F213": 0.10050586589913559
    },
    "SCA16": {
        "F062": 0.23353527922778097,
        "F087": 0.230688641733831,
        "F106": 0.2431086431395877,
        "F129": 0.22938153475011944,
        "F146": 0.6756079201614203,
        "F158": 0.2091747034829051,
        "F184": 0.12049475028515173,
        "F213": 0.10040322493720236
    },
    "SCA17": {
        "F062": 0.24712524850251755,
        "F087": 0.2423017923756165,
        "F106": 0.26265449794406964,
        "F129": 0.2482300303953684,
        "F146": 0.7261931558942354,
        "F158": 0.22337027964179265,
        "F184": 0.12591380658283144,
        "F213": 0.1053782745159951
    },
    "SCA18": {
        "F062": 0.2373114582172115,
        "F087": 0.23546579245635793,
        "F106": 0.27254455405720307,
        "F129": 0.2642381707488197,
        "F146": 0.7563423884356334,
        "F158": 0.23209921994326568,
        "F184": 0.13081539786139562,
        "F213": 0.109967551297324
    }
}