{
    "SCA01": {
        "F062": 26.573720976925344,
        "F087": 26.22444439663539,
        "F106": 26.31341612265568,
        "F129": 26.31760383446462,
        "F146": 27.53675269415519,
        "F158": 26.320712182222806,
        "F184": 25.852803745658825,
        "F213": 25.81314064968742
    },
    "SCA02": {
        "F062": 26.60507741847109,
        "F087": 26.296320101527776,
        "F106": 26.34987398221049,
        "F129": 26.336812298907752,
        "F146": 27.575796666083114,
        "F158": 26.367562639862697,
        "F184": 25.91108650516852,
        "F213": 25.85540398669619
    },
    "SCA03": {
        "F062": 26.599516508566303,
        "F087": 26.28133844245408,
        "F106": 26.334876598542735,
        "F129": 26.332589280599407,
        "F146": 27.564432481786795,
        "F158": 26.35750871774671,
        "F184": 25.908985300671034,
        "F213": 25.852467634033083
    },
    "SCA04": {
        "F062": 26.5394986263943,
        "F087": 26.268491543081396,
        "F106": 26.328254570431106,
        "F129": 26.32693360502506,
        "F146": 27.559986457904756,
        "F158": 26.351673921617234,
        "F184": 25.903197243134706,
        "F213": 25.854714903917902
    },
    "SCA05": {
        "F062": 26.602010592226286,
        "F087": 26.315060362828525,
        "F106": 26.358542746133807,
        "F129": 26.358354442332534,
        "F146": 27.58813425966899,
        "F158": 26.379594626813187,
        "F184": 25.912570521181976,
        "F213": 25.859696359035247
    },
    "SCA06": {
        "F062": 26.616279278423903,
        "F087": 26.30009798591894,
        "F106": 26.377718085555813,
        "F129": 26.37577651922689,
        "F146": 27.61261311746007,
        "F158": 26.40908011301302,
        "F184": 25.956431540537217,
        "F213": 25.920525587051067
    },
    "SCA07": {
        "F062": 26.600959078132263,
        "F087": 26.278125659540713,
        "F106": 26.34595299769508,
        "F129": 26.347572665882808,
        "F146": 27.572453486566864,
        "F158": 26.3625354159768,
        "F184": 25.89141837848001,
        "F213": 25.841408478128507
    },
    "SCA08": {
        "F062": 26.641461804424985,
        "F087": 26.31697973921274,
        "F106": 26.344661729988452,
        "F129": 26.34142179766389,
        "F146": 27.57143016104964,
        "F158": 26.361453072288136,
        "F184": 25.87471874939107,
        "F213": 25.824057624570372
    },
    "SCA09": {
        "F062": 26.616198161899227,
        "F087": 26.332622915815904,
        "F106": 26.37150815585649,
        "F129": 26.373377835630635,
        "F146": 27.602489188326636,
        "F158": 26.396476565797585,
        "F184": 25.915365920431235,
        "F213": 25.865774608864648
    },
    "SCA10": {
        "F062": 26.602056069253017,
        "F087": 26.29096712759184,
        "F106": 26.338815862571643,
        "F129": 26.33132541369566,
        "F146": 27.565004560371847,
        "F158": 26.356599224069775,
        "F184": 25.864619023454296,
        "F213": 25.805209631266145
    },
    "SCA11": {
        "F062": 26.613047750348613,
        "F087": 26.315342880926487,
        "F106": 26.33994871599782,
        "F129": 26.340076623193234,
        "F146": 27.57384664073721,
        "F158": 26.370257837710135,
        "F184": 25.912032825894926,
        "F213": 25.856452236256047
    },
    "SCA12": {
        "F062": 26.561836860407624,
        "F087": 26.271771580464033,
        "F106": 26.40007415004247,
        "F129": 26.40204189871801,
        "F146": 27.631033399683304,
        "F158": 26.423483441275444,
        "F184": 25.97852864069184,
        "F213": 25.94532813261864
    },
    "SCA13": {
        "F062": 26.59900315300549,
        "F087": 26.29767610647854,
        "F106": 26.31142499097225,
        "F129": 26.30589045265728,
        "F146": 27.543458519784586,
        "F158": 26.33887507305557,
        "F184": 25.888560958062413,
        "F213": 25.831907979799254
    },
    "SCA14": {
        "F062": 26.60296010747689,
        "F087": 26.30503404203624,
        "F106": 26.3587483957806,
        "F129": 26.34883078938998,
        "F146": 27.588807818325286,
        "F158": 26.382044844836166,
        "F184": 25.924273893812945,
        "F213": 25.871775180221867
    },
    "SCA15": {
        "F062": 26.663603581060862,
        "F087": 26.314639939475562,
        "F106": 26.317642454909162,
        "F129": 26.315769253009115,
        "F146": 27.55146767179299,
        "F158": 26.347703984455663,
        "F184": 25.898970316405496,
        "F213": 25.840331495398118
    },
    "SCA16": {
        "F062": 26.658035265743642,
        "F087": 26.307974440492195,
        "F106": 26.317092289025133,
        "F129": 26.309970606407475,
        "F146": 27.54789887449956,
        "F158": 26.34217417969741,
        "F184": 25.886643146252275,
        "F213": 25.83922212779615
    },
    "SCA17": {
        "F062": 26.719446820923963,
        "F087": 26.361300477433254,
        "F106": 26.401053396687658,
        "F129": 26.39571027205983,
        "F146": 27.626292422898764,
        "F158": 26.413464744420544,
        "F184": 25.93440621522273,
        "F213": 25.89173067920757
    },
    "SCA18": {
        "F062": 26.675450793236507,
        "F087": 26.330228469194353,
        "F106": 26.44118506162129,
        "F129": 26.463563356382025,
        "F146": 27.670458145746927,
        "F158": 26.455085476766058,
        "F184": 25.97586999731864,
        "F213": 25.93801435779376
    }
}